formula_file,timeout,timeout_reached,execution_time_in,total_sampling_time,avg_sampling_time,model_count,requested_samples,actual_samples
/home/gilles/FeatureModels/80.sk_2_48.cnf,30,True,30.010216236114502,,,1099511627776,10,0
/home/gilles/FeatureModels/FM-3.6.1-refined.cnf,30,False,2.1744344234466553,5.156628608703613,0.5156628608703613,26256,10,10
/home/gilles/FeatureModels/aaed2000.cnf,30,True,30.007039070129395,,,28254010094088232967411816089608956039184394124128268343571924395124352345386025802638259993786106102905002982887012648528865320706000,10,0
/home/gilles/FeatureModels/blasted_case110.cnf,30,False,2.8260791301727295,6.86045503616333,0.686045503616333,16384,10,10
/home/gilles/FeatureModels/blasted_case47.cnf,30,False,3.9856228828430176,8.326968431472778,0.8326968431472779,262144,10,10
/home/gilles/FeatureModels/nano.cnf,30,True,30.012009382247925,,,50304240823837766789522624609121528712034240476247190286248384341434069554186340656230554598764419278244487613647638840646567440,10,0
/home/gilles/FeatureModels/toybox.cnf,30,False,15.203229188919067,37.887805223464966,3.7887805223464968,144991790900969472,10,10
