formula_file,timeout,execution_time_in,dnnf_time,sampling_time,model_count,counting_time,dnnfparsing_time
/home/samplingfm/Benchmarks/IterationService.sk_12_27.cnf,True,1.0,,,,,
/home/samplingfm/Benchmarks/ActivityService2.sk_10_27.cnf,False,0.9221885204315186,0.35877418518066406,0.03558707237243652,8244000746110976,0.27282166481018066,0.11997699737548828
/home/samplingfm/Benchmarks/partition.sk_22_155.cnf,True,1.0,,,,,
/home/samplingfm/Benchmarks/29.sk_3_45.cnf,False,0.6819119453430176,0.18002009391784668,0.1790788173675537,347892350976,0.046776771545410156,0.05283021926879883
/home/samplingfm/Benchmarks/ActivityService.sk_11_27.cnf,True,1.0,,,,,
/home/samplingfm/Benchmarks/signedAvg.sk_8_1020.cnf,True,1.0,,,,,
/home/samplingfm/Benchmarks/10.sk_1_46.cnf,False,0.21565914154052734,0.024232864379882812,0.0197603702545166,1081274793984,0.007914066314697266,0.00673365592956543
/home/samplingfm/Benchmarks/isolateRightmost.sk_7_481.cnf,True,1.0,,,,,
/home/samplingfm/Benchmarks/17.sk_3_45.cnf,False,0.8874530792236328,0.12769412994384766,0.4087672233581543,274877906944,0.04605245590209961,0.06680583953857422
